[
  { "id": 1, "nick": "Kwilith", "sendDate": "14-10-2022" },
  { "id": 2, "nick": "Minyx", "sendDate": "13-11-2022" },
  { "id": 3, "nick": "Quamba", "sendDate": "05-11-2022" },
  { "id": 4, "nick": "Photojam", "sendDate": "09-01-2022" },
  { "id": 5, "nick": "Yakijo", "sendDate": "03-09-2022" },
  { "id": 6, "nick": "Thoughtstorm", "sendDate": "22-06-2022" },
  { "id": 7, "nick": "Photobean", "sendDate": "26-08-2022" },
  { "id": 8, "nick": "Brainsphere", "sendDate": "10-03-2022" },
  { "id": 9, "nick": "Dynabox", "sendDate": "07-06-2022" },
  { "id": 10, "nick": "Tagfeed", "sendDate": "30-06-2022" },
  { "id": 11, "nick": "Kazio", "sendDate": "03-08-2022" },
  { "id": 12, "nick": "Jaloo", "sendDate": "05-01-2022" },
  { "id": 13, "nick": "JumpXS", "sendDate": "15-11-2022" },
  { "id": 14, "nick": "Demizz", "sendDate": "12-02-2022" },
  { "id": 15, "nick": "Rhynyx", "sendDate": "15-03-2022" },
  { "id": 16, "nick": "Topicstorm", "sendDate": "12-03-2022" },
  { "id": 17, "nick": "Trilith", "sendDate": "18-07-2022" },
  { "id": 18, "nick": "Voolith", "sendDate": "26-04-2022" },
  { "id": 19, "nick": "Linkbuzz", "sendDate": "27-10-2022" },
  { "id": 20, "nick": "Skilith", "sendDate": "30-08-2022" }
]
