[
  {
    "id": 1,
    "firstName": "Bernadina",
    "lastName": "Sweetnam",
    "email": "bsweetnam0@hexun.com",
    "nick": "Mynte"
  },
  {
    "id": 2,
    "firstName": "Sophi",
    "lastName": "Treffrey",
    "email": "streffrey1@psu.edu",
    "nick": "Topicstorm"
  },
  {
    "id": 3,
    "firstName": "Dallas",
    "lastName": "Keenan",
    "email": "dkeenan2@ebay.com",
    "nick": "Tazz"
  },
  {
    "id": 4,
    "firstName": "Kerri",
    "lastName": "Kyd",
    "email": "kkyd3@blogtalkradio.com",
    "nick": "Wordify"
  },
  {
    "id": 5,
    "firstName": "Brenda",
    "lastName": "McCome",
    "email": "bmccome4@deviantart.com",
    "nick": "Tanoodle"
  },
  {
    "id": 6,
    "firstName": "Reggie",
    "lastName": "MacGovern",
    "email": "rmacgovern5@netlog.com",
    "nick": "Dabjam"
  },
  {
    "id": 7,
    "firstName": "Xenos",
    "lastName": "Henzley",
    "email": "xhenzley6@dion.ne.jp",
    "nick": "Photobug"
  },
  {
    "id": 8,
    "firstName": "Daniela",
    "lastName": "Clink",
    "email": "dclink7@ocn.ne.jp",
    "nick": "Gevee"
  },
  {
    "id": 9,
    "firstName": "Tomi",
    "lastName": "Handasyde",
    "email": "thandasyde8@moonfruit.com",
    "nick": "Kayveo"
  },
  {
    "id": 10,
    "firstName": "Adrianne",
    "lastName": "Mehew",
    "email": "amehew9@wikispaces.com",
    "nick": "Brainbox"
  },
  {
    "id": 11,
    "firstName": "Merrielle",
    "lastName": "Selley",
    "email": "mselleya@reverbnation.com",
    "nick": "Riffwire"
  },
  {
    "id": 12,
    "firstName": "Jerrome",
    "lastName": "Vivash",
    "email": "jvivashb@desdev.cn",
    "nick": "Flashpoint"
  },
  {
    "id": 13,
    "firstName": "Philipa",
    "lastName": "Cubuzzi",
    "email": "pcubuzzic@wikia.com",
    "nick": "InnoZ"
  },
  {
    "id": 14,
    "firstName": "Cesar",
    "lastName": "Taylot",
    "email": "ctaylotd@tumblr.com",
    "nick": "Realcube"
  },
  {
    "id": 15,
    "firstName": "Carlina",
    "lastName": "Simonetti",
    "email": "csimonettie@t.co",
    "nick": "Demizz"
  },
  {
    "id": 16,
    "firstName": "Forrester",
    "lastName": "Vallery",
    "email": "fvalleryf@microsoft.com",
    "nick": "Chatterpoint"
  },
  {
    "id": 17,
    "firstName": "Odo",
    "lastName": "Uc",
    "email": "oucg@artisteer.com",
    "nick": "Skinte"
  },
  {
    "id": 18,
    "firstName": "Ody",
    "lastName": "Garry",
    "email": "ogarryh@typepad.com",
    "nick": "Jaxworks"
  },
  {
    "id": 19,
    "firstName": "Nikki",
    "lastName": "Constantinou",
    "email": "nconstantinoui@cam.ac.uk",
    "nick": "Gevee"
  },
  {
    "id": 20,
    "firstName": "Matty",
    "lastName": "Haw",
    "email": "mhawj@artisteer.com",
    "nick": "Muxo"
  },
  {
    "id": 21,
    "firstName": "Neil",
    "lastName": "Pettet",
    "email": "npettetk@wiley.com",
    "nick": "Meemm"
  },
  {
    "id": 22,
    "firstName": "Trevor",
    "lastName": "Dowber",
    "email": "tdowberl@list-manage.com",
    "nick": "Thoughtstorm"
  },
  {
    "id": 23,
    "firstName": "Rogers",
    "lastName": "Fricker",
    "email": "rfrickerm@google.es",
    "nick": "Trudoo"
  },
  {
    "id": 24,
    "firstName": "Eduardo",
    "lastName": "MacCrossan",
    "email": "emaccrossann@example.com",
    "nick": "Devify"
  },
  {
    "id": 25,
    "firstName": "Carol",
    "lastName": "Mindenhall",
    "email": "cmindenhallo@csmonitor.com",
    "nick": "Cogilith"
  },
  {
    "id": 26,
    "firstName": "Demetre",
    "lastName": "Thomelin",
    "email": "dthomelinp@jalbum.net",
    "nick": "Bubbletube"
  },
  {
    "id": 27,
    "firstName": "Susannah",
    "lastName": "Beardmore",
    "email": "sbeardmoreq@mozilla.org",
    "nick": "Fiveclub"
  },
  {
    "id": 28,
    "firstName": "Christin",
    "lastName": "Fittall",
    "email": "cfittallr@walmart.com",
    "nick": "Browsebug"
  },
  {
    "id": 29,
    "firstName": "Gage",
    "lastName": "Lessmare",
    "email": "glessmares@eepurl.com",
    "nick": "Feedfire"
  },
  {
    "id": 30,
    "firstName": "Dorena",
    "lastName": "Wingham",
    "email": "dwinghamt@lycos.com",
    "nick": "Wikizz"
  },
  {
    "id": 31,
    "firstName": "Antonietta",
    "lastName": "Heskin",
    "email": "aheskinu@list-manage.com",
    "nick": "Youopia"
  },
  {
    "id": 32,
    "firstName": "Courtnay",
    "lastName": "Philler",
    "email": "cphillerv@scribd.com",
    "nick": "Demivee"
  },
  {
    "id": 33,
    "firstName": "Mozelle",
    "lastName": "Eastbury",
    "email": "meastburyw@rakuten.co.jp",
    "nick": "Devpoint"
  },
  {
    "id": 34,
    "firstName": "Bernadene",
    "lastName": "Gillum",
    "email": "bgillumx@ebay.com",
    "nick": "Yombu"
  },
  {
    "id": 35,
    "firstName": "Tiphanie",
    "lastName": "McGurk",
    "email": "tmcgurky@vimeo.com",
    "nick": "Eazzy"
  },
  {
    "id": 36,
    "firstName": "Maria",
    "lastName": "Alwin",
    "email": "malwinz@cornell.edu",
    "nick": "Bubblemix"
  },
  {
    "id": 37,
    "firstName": "Alister",
    "lastName": "Guidetti",
    "email": "aguidetti10@ask.com",
    "nick": "Avamm"
  },
  {
    "id": 38,
    "firstName": "Janey",
    "lastName": "Blakden",
    "email": "jblakden11@fema.gov",
    "nick": "Yakitri"
  },
  {
    "id": 39,
    "firstName": "Charley",
    "lastName": "Purchon",
    "email": "cpurchon12@state.gov",
    "nick": "Oyoba"
  },
  {
    "id": 40,
    "firstName": "Dionne",
    "lastName": "Bumpas",
    "email": "dbumpas13@furl.net",
    "nick": "Buzzshare"
  },
  {
    "id": 41,
    "firstName": "Dom",
    "lastName": "Petran",
    "email": "dpetran14@wunderground.com",
    "nick": "Thoughtbeat"
  },
  {
    "id": 42,
    "firstName": "Sisile",
    "lastName": "Mould",
    "email": "smould15@webnode.com",
    "nick": "Tavu"
  },
  {
    "id": 43,
    "firstName": "Lise",
    "lastName": "Yearnes",
    "email": "lyearnes16@ft.com",
    "nick": "Gigaclub"
  },
  {
    "id": 44,
    "firstName": "Ase",
    "lastName": "Blindmann",
    "email": "ablindmann17@seesaa.net",
    "nick": "Zazio"
  },
  {
    "id": 45,
    "firstName": "Bobby",
    "lastName": "Farrear",
    "email": "bfarrear18@phpbb.com",
    "nick": "Voolia"
  },
  {
    "id": 46,
    "firstName": "Baxy",
    "lastName": "Simm",
    "email": "bsimm19@desdev.cn",
    "nick": "Skimia"
  },
  {
    "id": 47,
    "firstName": "Sisile",
    "lastName": "Torre",
    "email": "storre1a@yahoo.co.jp",
    "nick": "Gabvine"
  },
  {
    "id": 48,
    "firstName": "Renie",
    "lastName": "Lohrensen",
    "email": "rlohrensen1b@lycos.com",
    "nick": "Buzzster"
  },
  {
    "id": 49,
    "firstName": "Noble",
    "lastName": "Hurst",
    "email": "nhurst1c@g.co",
    "nick": "Zoombox"
  },
  {
    "id": 50,
    "firstName": "Elbertina",
    "lastName": "Pattie",
    "email": "epattie1d@reverbnation.com",
    "nick": "Jayo"
  },
  {
    "id": 51,
    "firstName": "Ced",
    "lastName": "Topling",
    "email": "ctopling1e@sbwire.com",
    "nick": "Jamia"
  },
  {
    "id": 52,
    "firstName": "Joni",
    "lastName": "Eyrl",
    "email": "jeyrl1f@state.gov",
    "nick": "Yadel"
  },
  {
    "id": 53,
    "firstName": "Bartholomeo",
    "lastName": "Squires",
    "email": "bsquires1g@de.vu",
    "nick": "Geba"
  },
  {
    "id": 54,
    "firstName": "Eva",
    "lastName": "Dizlie",
    "email": "edizlie1h@fastcompany.com",
    "nick": "Brightbean"
  },
  {
    "id": 55,
    "firstName": "Armand",
    "lastName": "Jambrozek",
    "email": "ajambrozek1i@paginegialle.it",
    "nick": "Riffwire"
  },
  {
    "id": 56,
    "firstName": "Nellie",
    "lastName": "Curle",
    "email": "ncurle1j@irs.gov",
    "nick": "Eamia"
  },
  {
    "id": 57,
    "firstName": "Cyrille",
    "lastName": "Rooze",
    "email": "crooze1k@army.mil",
    "nick": "Trupe"
  },
  {
    "id": 58,
    "firstName": "Blaine",
    "lastName": "Woodfine",
    "email": "bwoodfine1l@jigsy.com",
    "nick": "Mymm"
  },
  {
    "id": 59,
    "firstName": "Bing",
    "lastName": "Kirkam",
    "email": "bkirkam1m@cdc.gov",
    "nick": "Avamm"
  },
  {
    "id": 60,
    "firstName": "Ashton",
    "lastName": "Genge",
    "email": "agenge1n@domainmarket.com",
    "nick": "Feedspan"
  },
  {
    "id": 61,
    "firstName": "Antonio",
    "lastName": "Maiklem",
    "email": "amaiklem1o@drupal.org",
    "nick": "Agimba"
  },
  {
    "id": 62,
    "firstName": "Edie",
    "lastName": "Bayliss",
    "email": "ebayliss1p@marketwatch.com",
    "nick": "Livetube"
  },
  {
    "id": 63,
    "firstName": "Kit",
    "lastName": "Arendsen",
    "email": "karendsen1q@webs.com",
    "nick": "Skalith"
  },
  {
    "id": 64,
    "firstName": "Timmy",
    "lastName": "Barks",
    "email": "tbarks1r@dailymotion.com",
    "nick": "Bluezoom"
  },
  {
    "id": 65,
    "firstName": "Lotty",
    "lastName": "Stannus",
    "email": "lstannus1s@sun.com",
    "nick": "Zoomlounge"
  },
  {
    "id": 66,
    "firstName": "Teri",
    "lastName": "Baiyle",
    "email": "tbaiyle1t@icq.com",
    "nick": "Skajo"
  },
  {
    "id": 67,
    "firstName": "Wenonah",
    "lastName": "Longthorn",
    "email": "wlongthorn1u@zimbio.com",
    "nick": "Skynoodle"
  },
  {
    "id": 68,
    "firstName": "Kirstyn",
    "lastName": "Broseman",
    "email": "kbroseman1v@github.com",
    "nick": "Ooba"
  },
  {
    "id": 69,
    "firstName": "Suzette",
    "lastName": "Glusby",
    "email": "sglusby1w@walmart.com",
    "nick": "Trilith"
  },
  {
    "id": 70,
    "firstName": "Knox",
    "lastName": "Cutford",
    "email": "kcutford1x@kickstarter.com",
    "nick": "Meevee"
  },
  {
    "id": 71,
    "firstName": "Terza",
    "lastName": "Lamcken",
    "email": "tlamcken1y@mapy.cz",
    "nick": "Edgeblab"
  },
  {
    "id": 72,
    "firstName": "Corene",
    "lastName": "Zaple",
    "email": "czaple1z@hubpages.com",
    "nick": "Divanoodle"
  },
  {
    "id": 73,
    "firstName": "Laurie",
    "lastName": "Kenyam",
    "email": "lkenyam20@purevolume.com",
    "nick": "Youspan"
  },
  {
    "id": 74,
    "firstName": "Forster",
    "lastName": "Havenhand",
    "email": "fhavenhand21@noaa.gov",
    "nick": "Skiba"
  },
  {
    "id": 75,
    "firstName": "Lydia",
    "lastName": "Christescu",
    "email": "lchristescu22@time.com",
    "nick": "Mita"
  },
  {
    "id": 76,
    "firstName": "Anderea",
    "lastName": "Forsdyke",
    "email": "aforsdyke23@google.com",
    "nick": "Demimbu"
  },
  {
    "id": 77,
    "firstName": "Nanine",
    "lastName": "Rafferty",
    "email": "nrafferty24@google.ca",
    "nick": "Viva"
  },
  {
    "id": 78,
    "firstName": "Lucille",
    "lastName": "Stamp",
    "email": "lstamp25@timesonline.co.uk",
    "nick": "Youspan"
  },
  {
    "id": 79,
    "firstName": "Danette",
    "lastName": "Hammonds",
    "email": "dhammonds26@redcross.org",
    "nick": "Yadel"
  },
  {
    "id": 80,
    "firstName": "Uta",
    "lastName": "Withers",
    "email": "uwithers27@unblog.fr",
    "nick": "Topicblab"
  },
  {
    "id": 81,
    "firstName": "Etienne",
    "lastName": "Marcinkowski",
    "email": "emarcinkowski28@weebly.com",
    "nick": "Jabbercube"
  },
  {
    "id": 82,
    "firstName": "Saul",
    "lastName": "Tamblingson",
    "email": "stamblingson29@youtu.be",
    "nick": "Devpoint"
  },
  {
    "id": 83,
    "firstName": "Maribelle",
    "lastName": "Insall",
    "email": "minsall2a@yellowbook.com",
    "nick": "Blogtags"
  },
  {
    "id": 84,
    "firstName": "Terri",
    "lastName": "Menauteau",
    "email": "tmenauteau2b@liveinternet.ru",
    "nick": "Ooba"
  },
  {
    "id": 85,
    "firstName": "Leonidas",
    "lastName": "Marchi",
    "email": "lmarchi2c@bandcamp.com",
    "nick": "Edgeify"
  },
  {
    "id": 86,
    "firstName": "Jaimie",
    "lastName": "Niemetz",
    "email": "jniemetz2d@trellian.com",
    "nick": "Wikivu"
  },
  {
    "id": 87,
    "firstName": "Richmound",
    "lastName": "Schuricht",
    "email": "rschuricht2e@umn.edu",
    "nick": "Twiyo"
  },
  {
    "id": 88,
    "firstName": "Ardine",
    "lastName": "Duester",
    "email": "aduester2f@miitbeian.gov.cn",
    "nick": "Meetz"
  },
  {
    "id": 89,
    "firstName": "Noelani",
    "lastName": "Bus",
    "email": "nbus2g@goodreads.com",
    "nick": "Kimia"
  },
  {
    "id": 90,
    "firstName": "Sunny",
    "lastName": "McDirmid",
    "email": "smcdirmid2h@salon.com",
    "nick": "Wordware"
  },
  {
    "id": 91,
    "firstName": "Ainslie",
    "lastName": "Selvester",
    "email": "aselvester2i@oaic.gov.au",
    "nick": "Topiczoom"
  },
  {
    "id": 92,
    "firstName": "Hercule",
    "lastName": "Marval",
    "email": "hmarval2j@wordpress.com",
    "nick": "Meemm"
  },
  {
    "id": 93,
    "firstName": "Liesa",
    "lastName": "Benzi",
    "email": "lbenzi2k@amazonaws.com",
    "nick": "Mycat"
  },
  {
    "id": 94,
    "firstName": "Lorry",
    "lastName": "Windebank",
    "email": "lwindebank2l@google.co.uk",
    "nick": "Jabbertype"
  },
  {
    "id": 95,
    "firstName": "Giuseppe",
    "lastName": "Tupie",
    "email": "gtupie2m@apple.com",
    "nick": "Tazz"
  },
  {
    "id": 96,
    "firstName": "Breena",
    "lastName": "Velareal",
    "email": "bvelareal2n@tinypic.com",
    "nick": "Jatri"
  },
  {
    "id": 97,
    "firstName": "Corbet",
    "lastName": "Well",
    "email": "cwell2o@gizmodo.com",
    "nick": "Babbleopia"
  },
  {
    "id": 98,
    "firstName": "Yancy",
    "lastName": "Cranson",
    "email": "ycranson2p@biblegateway.com",
    "nick": "Realpoint"
  },
  {
    "id": 99,
    "firstName": "Britni",
    "lastName": "Alexsandrov",
    "email": "balexsandrov2q@imgur.com",
    "nick": "Twitterworks"
  },
  {
    "id": 100,
    "firstName": "Ania",
    "lastName": "Wilkison",
    "email": "awilkison2r@tamu.edu",
    "nick": "Dabjam"
  }
]
